val_loss,accuracy,f1,roc_auc,hamming,jaccard,precision,recall,average_precision,kappa
0.7660608914765444,0.708503680015696,0.7095516467423755,0.9169898347596762,0.12432432432432433,0.5609130883201694,0.7121238095169915,0.708503680015696,0.7819491068316007,0.5928925722781959
