class,precision,recall (sensitivity),specificity,balanced_accuracy
0,0.7737068965350494,0.71799999998564,0.8838495575123468,0.8009247787489935
1,0.5569620252988303,0.6132404180970996,0.8746642793117757,0.7439523487044377
2,0.6845878135955344,0.6324503311048857,0.9201451905542637,0.7762977608295747
3,0.7303921568269416,0.8563218390312458,0.955284552837762,0.9058031959345039
4,0.8936170212132186,0.8936170212132186,0.9881235154316064,0.9408702683224125
