class,precision,recall (sensitivity),specificity,balanced_accuracy
0,0.7662337662171811,0.70799999998584,0.8807947019770331,0.7943973509814366
1,0.5108359132968782,0.5729166666467738,0.8586762075057365,0.7157964370762551
2,0.6302250803655876,0.649006622495066,0.895833333325219,0.7724199779101425
3,0.7727272726833677,0.7816091953573787,0.9675324675246143,0.8745708314409966
4,0.8805970148596569,0.8309859154344376,0.9873417721440876,0.9091638437892626
