val_loss,accuracy,f1,roc_auc,hamming,jaccard,precision,recall,average_precision,kappa
1.3408239161381956,0.5164948453608248,0.1362338545207342,0.5418839984118746,0.1934020618556701,0.10329896907216496,0.10329896907216496,0.2,0.2320611816384269,0.0
