val_loss,accuracy,f1,roc_auc,hamming,jaccard,precision,recall,average_precision,kappa
2.7390058152377605,0.2,0.030215827338129497,0.4510585648715182,0.3673151750972763,0.01634241245136187,0.01634241245136187,0.2,0.18871931242526735,0.0
