class,precision,recall (sensitivity),specificity,balanced_accuracy
0,0.0,0.0,0.9999999999616858,0.4999999999808429
1,0.0,0.0,0.999999999978355,0.4999999999891775
2,0.0,0.0,0.999999999973262,0.499999999986631
3,0.0,0.0,0.9999999999794661,0.49999999998973305
4,0.08171206225521961,0.9999999997619048,0.0,0.4999999998809524
