val_loss,accuracy,f1,roc_auc,hamming,jaccard,precision,recall,average_precision,kappa
0.7998703942782637,0.7136363636363636,0.31802356518434055,0.8480475634869755,0.11454545454545455,0.27279286926994906,0.2898840511513697,0.37539483394833945,0.4816895215734454,0.5401057026892866
0.5846341036368108,0.7663636363636364,0.41780179577811233,0.9275628078660281,0.09345454545454546,0.34962190335324667,0.4274217196697325,0.4448613410458429,0.62950403163464,0.6278088778180937
1.381330615184346,0.5232198142414861,0.21475810502905973,0.7508382873197897,0.19071207430340556,0.15765457596488966,0.18119353413471062,0.26739999999999997,0.4370559753921944,0.19855851598038654
1.381330615184346,0.5232198142414861,0.21475810502905973,0.7508382873197897,0.19071207430340556,0.15765457596488966,0.18119353413471062,0.26739999999999997,0.4370559753921944,0.19855851598038654
1.381330615184346,0.5232198142414861,0.21475810502905973,0.7508382873197897,0.19071207430340556,0.15765457596488966,0.18119353413471062,0.26739999999999997,0.4370559753921944,0.19855851598038654
0.5846341036368108,0.4448613410458429,0.41780179577811233,0.9275628078660281,0.09345454545454546,0.34962190335324667,0.4274217196697325,0.4448613410458429,0.62950403163464,0.6278088778180937
0.5846341036368108,0.4448613410458429,0.41780179577811233,0.9275628078660281,0.09345454545454546,0.34962190335324667,0.4274217196697325,0.4448613410458429,0.62950403163464,0.6278088778180937
