class,precision,recall (sensitivity),specificity,balanced_accuracy
0,0.9705340699637103,0.9723247232292929,0.9713261648571446,0.9718254440432188
1,0.6034482757580262,0.31531531528690854,0.9767441860366355,0.646029750661772
2,0.5631262524937249,0.9366666666354444,0.7274999999909062,0.8320833333131753
3,0.0,0.0,0.9999999999904031,0.49999999999520156
4,0.0,0.0,0.9999999999901088,0.4999999999950544
